tool			Bubaak 0.9.2-0d2926	Bubaak 0.9.2-0d2926	Bubaak 0.9.2-0d2926	Bubaak 0.9.2-0d2926	Bubaak 0.9.2-0d2926	Bubaak 0.9.2-0d2926	Bubaak 0.9.2-0d2926	Bubaak 0.9.2-0d2926	CBMC 5.70.0 (cbmc-5.70.0-121-g4f69955d00)	CBMC 5.70.0 (cbmc-5.70.0-121-g4f69955d00)	CBMC 5.70.0 (cbmc-5.70.0-121-g4f69955d00)	CBMC 5.70.0 (cbmc-5.70.0-121-g4f69955d00)	CBMC 5.70.0 (cbmc-5.70.0-121-g4f69955d00)	CBMC 5.70.0 (cbmc-5.70.0-121-g4f69955d00)	CBMC 5.70.0 (cbmc-5.70.0-121-g4f69955d00)	CBMC 5.70.0 (cbmc-5.70.0-121-g4f69955d00)	CPAchecker 2.0.1-svn-38892M	CPAchecker 2.0.1-svn-38892M	CPAchecker 2.0.1-svn-38892M	CPAchecker 2.0.1-svn-38892M	CPAchecker 2.0.1-svn-38892M	CPAchecker 2.0.1-svn-38892M	CPAchecker 2.0.1-svn-38892M	CPAchecker 2.0.1-svn-38892M	CPAchecker 4.0	CPAchecker 4.0	CPAchecker 4.0	CPAchecker 4.0	CPAchecker 4.0	CPAchecker 4.0	CPAchecker 4.0	CPAchecker 4.0	ESBMC 	ESBMC 	ESBMC 	ESBMC 	ESBMC 	ESBMC 	ESBMC 	ESBMC 	PredatorHP 3.1415	PredatorHP 3.1415	PredatorHP 3.1415	PredatorHP 3.1415	PredatorHP 3.1415	PredatorHP 3.1415	PredatorHP 3.1415	PredatorHP 3.1415	symbiotic 10.0.0-rc1-f6104f53	symbiotic 10.0.0-rc1-f6104f53	symbiotic 10.0.0-rc1-f6104f53	symbiotic 10.0.0-rc1-f6104f53	symbiotic 10.0.0-rc1-f6104f53	symbiotic 10.0.0-rc1-f6104f53	symbiotic 10.0.0-rc1-f6104f53	symbiotic 10.0.0-rc1-f6104f53	ULTIMATE Automizer 0.3.0-d790fecc	ULTIMATE Automizer 0.3.0-d790fecc	ULTIMATE Automizer 0.3.0-d790fecc	ULTIMATE Automizer 0.3.0-d790fecc	ULTIMATE Automizer 0.3.0-d790fecc	ULTIMATE Automizer 0.3.0-d790fecc	ULTIMATE Automizer 0.3.0-d790fecc	ULTIMATE Automizer 0.3.0-d790fecc	ULTIMATE Kojak 0.3.0-d790fecc	ULTIMATE Kojak 0.3.0-d790fecc	ULTIMATE Kojak 0.3.0-d790fecc	ULTIMATE Kojak 0.3.0-d790fecc	ULTIMATE Kojak 0.3.0-d790fecc	ULTIMATE Kojak 0.3.0-d790fecc	ULTIMATE Kojak 0.3.0-d790fecc	ULTIMATE Kojak 0.3.0-d790fecc	ULTIMATE Taipan 0.3.0-d790fecc	ULTIMATE Taipan 0.3.0-d790fecc	ULTIMATE Taipan 0.3.0-d790fecc	ULTIMATE Taipan 0.3.0-d790fecc	ULTIMATE Taipan 0.3.0-d790fecc	ULTIMATE Taipan 0.3.0-d790fecc	ULTIMATE Taipan 0.3.0-d790fecc	ULTIMATE Taipan 0.3.0-d790fecc
run set			bubaak.no-overflow.no-overflow	bubaak.no-overflow.no-overflow	bubaak.no-overflow.no-overflow	bubaak.no-overflow.no-overflow	bubaak.valid-memsafety.valid-memsafety	bubaak.valid-memsafety.valid-memsafety	bubaak.valid-memsafety.valid-memsafety	bubaak.valid-memsafety.valid-memsafety	cbmc.no-overflow.no-overflow	cbmc.no-overflow.no-overflow	cbmc.no-overflow.no-overflow	cbmc.no-overflow.no-overflow	cbmc.valid-memsafety.valid-memsafety	cbmc.valid-memsafety.valid-memsafety	cbmc.valid-memsafety.valid-memsafety	cbmc.valid-memsafety.valid-memsafety	cpa-bam-smg.no-overflow.no-overflow	cpa-bam-smg.no-overflow.no-overflow	cpa-bam-smg.no-overflow.no-overflow	cpa-bam-smg.no-overflow.no-overflow	cpa-bam-smg.valid-memsafety.valid-memsafety	cpa-bam-smg.valid-memsafety.valid-memsafety	cpa-bam-smg.valid-memsafety.valid-memsafety	cpa-bam-smg.valid-memsafety.valid-memsafety	cpachecker.no-overflow.no-overflow	cpachecker.no-overflow.no-overflow	cpachecker.no-overflow.no-overflow	cpachecker.no-overflow.no-overflow	cpachecker.valid-memsafety.valid-memsafety	cpachecker.valid-memsafety.valid-memsafety	cpachecker.valid-memsafety.valid-memsafety	cpachecker.valid-memsafety.valid-memsafety	esbmc-kind.no-overflow.no-overflow	esbmc-kind.no-overflow.no-overflow	esbmc-kind.no-overflow.no-overflow	esbmc-kind.no-overflow.no-overflow	esbmc-kind.valid-memsafety.valid-memsafety	esbmc-kind.valid-memsafety.valid-memsafety	esbmc-kind.valid-memsafety.valid-memsafety	esbmc-kind.valid-memsafety.valid-memsafety	predatorHP.no-overflow.no-overflow	predatorHP.no-overflow.no-overflow	predatorHP.no-overflow.no-overflow	predatorHP.no-overflow.no-overflow	predatorHP.valid-memsafety.valid-memsafety	predatorHP.valid-memsafety.valid-memsafety	predatorHP.valid-memsafety.valid-memsafety	predatorHP.valid-memsafety.valid-memsafety	symbiotic.no-overflow.no-overflow	symbiotic.no-overflow.no-overflow	symbiotic.no-overflow.no-overflow	symbiotic.no-overflow.no-overflow	symbiotic.valid-memsafety.valid-memsafety	symbiotic.valid-memsafety.valid-memsafety	symbiotic.valid-memsafety.valid-memsafety	symbiotic.valid-memsafety.valid-memsafety	uautomizer.no-overflow.no-overflow	uautomizer.no-overflow.no-overflow	uautomizer.no-overflow.no-overflow	uautomizer.no-overflow.no-overflow	uautomizer.valid-memsafety.valid-memsafety	uautomizer.valid-memsafety.valid-memsafety	uautomizer.valid-memsafety.valid-memsafety	uautomizer.valid-memsafety.valid-memsafety	ukojak.no-overflow.no-overflow	ukojak.no-overflow.no-overflow	ukojak.no-overflow.no-overflow	ukojak.no-overflow.no-overflow	ukojak.valid-memsafety.valid-memsafety	ukojak.valid-memsafety.valid-memsafety	ukojak.valid-memsafety.valid-memsafety	ukojak.valid-memsafety.valid-memsafety	utaipan.no-overflow.no-overflow	utaipan.no-overflow.no-overflow	utaipan.no-overflow.no-overflow	utaipan.no-overflow.no-overflow	utaipan.valid-memsafety.valid-memsafety	utaipan.valid-memsafety.valid-memsafety	utaipan.valid-memsafety.valid-memsafety	utaipan.valid-memsafety.valid-memsafety
../../mnt/a/master/master/sv-comp_tests/			status	cputime (s)	walltime (s)	memory (MB)	status	cputime (s)	walltime (s)	memory (MB)	status	cputime (s)	walltime (s)	memory (MB)	status	cputime (s)	walltime (s)	memory (MB)	status	cputime (s)	walltime (s)	memory (MB)	status	cputime (s)	walltime (s)	memory (MB)	status	cputime (s)	walltime (s)	memory (MB)	status	cputime (s)	walltime (s)	memory (MB)	status	cputime (s)	walltime (s)	memory (MB)	status	cputime (s)	walltime (s)	memory (MB)	status	cputime (s)	walltime (s)	memory (MB)	status	cputime (s)	walltime (s)	memory (MB)	status	cputime (s)	walltime (s)	memory (MB)	status	cputime (s)	walltime (s)	memory (MB)	status	cputime (s)	walltime (s)	memory (MB)	status	cputime (s)	walltime (s)	memory (MB)	status	cputime (s)	walltime (s)	memory (MB)	status	cputime (s)	walltime (s)	memory (MB)	status	cputime (s)	walltime (s)	memory (MB)	status	cputime (s)	walltime (s)	memory (MB)
MicroHttpServer.yml	valid-memsafety	false(valid-deref)					false(valid-deref)	7.6087434	8.836065995000354	80.265216					false(valid-deref)	0.5441871	0.6280470980000246	22.081536					false(valid-deref)	7.9520265	9.513013176999266	153.075712					TIMEOUT	902.4591081	933.4625867459999	789.929984					false(valid-deref)	0.7248241	1.144585489000292	70.520832					TIMEOUT	120.8387206	126.92496033299994	907.177984					false(valid-deref)	14.1146496	16.434727286999987	65.437696					ERROR (7)	84.0139754	93.90210462100003	477.224960					TIMEOUT	120.6800072	130.7559898319996	385.073152					TIMEOUT	120.8173325	131.25519456799975	447.582208
MojoJson.yml	valid-memsafety	false(valid-deref)					false(valid-deref)	1.6647676	2.170322883999688	74.403840					false(valid-deref)	0.2814836	0.3403044710003087	23.867392					ERROR	3.4501344	3.6840225679998184	128.688128					ERROR	3.5473581	3.7088929649999045	142.831616					false(valid-deref)	0.6690348	1.0949976860001698	54.063104					false(valid-deref)	0.1891762	0.27523582100002386	37.351424					false(valid-deref)	2.710113	3.323163499999964	65.536000					TIMEOUT	120.6653228	129.09507591600004	429.203456					TIMEOUT	120.6215603	128.91466004699942	401.440768					TIMEOUT	120.897345	128.33198826900025	392.183808
NTSC-CRT.yml	valid-memsafety	false(valid-deref)					unknown	0.7816953	1.1901390680004624	96.739328					false(valid-deref)	0.195532	0.2609962570004427	27.222016					ERROR	3.1496091	3.596311297000284	132.575232					ERROR	3.4324517	3.5799275310000667	141.058048					false(valid-deref)	5.4646584	6.014449510999839	78.172160					unknown	0.1161787	0.2729949989998204	40.755200					true	0.4939952	0.9057486340000196	55.181312					true	14.4146971	16.591227121999964	267.870208					true	15.4624786	17.727587635999953	274.137088					true	15.0447997	17.436038848999488	276.774912
NanoNNG.yml	valid-memsafety	false(valid-deref)					unknown	34.618713	39.332410684000024	137.003008					ERROR (137)	57.9363762	96.03359801100032	1762.320384					ERROR	3.3567801	3.610392239000248	129.888256					ERROR	3.5514523	3.6912446839996846	150.974464					TIMEOUT	120.4470312	137.23448055900008	176.046080					unknown	5.6881349	7.531364039999971	149.782528					TIMEOUT (verification)	120.083591	145.82489042499992	318.636032					TIMEOUT	120.5675144	130.605293522	1096.282112					TIMEOUT	120.7670738	129.4179495389999	410.177536					TIMEOUT	120.8158847	126.42907472300067	407.117824
NanoNNGFixed.yml	valid-memsafety	true(valid-deref)					unknown	49.9690917	55.38034625900036	102.727680					ERROR (137)	60.1488445	86.063747745	3502.362624					ERROR	3.2976952	3.6127026809999734	130.973696					ERROR	3.6240393	3.75673079399985	142.823424					TIMEOUT	120.6040071	133.88072052200005	184.020992					unknown	9.2423164	10.295785974999944	191.119360					TIMEOUT (verification)	120.5742002	143.4974265799999	337.104896					TIMEOUT	120.8315465	127.79156972400006	439.140352					TIMEOUT	120.8134134	127.95720668400008	441.401344					TIMEOUT	120.8648472	125.64556309799991	415.272960
admesh.yml	valid-memsafety	false(valid-deref)					false(valid-deref)	0.3221196	0.5740534560000015	44.515328					false(valid-deref)	0.47889	0.5213827569996283	10.371072					false(valid-deref)	3.4986589	3.955439507999472	138.493952					false(valid-deref)	3.8895189	4.0846752430006745	156.610560					false(valid-deref)	2.8465858	3.039545010999973	73.011200					false(valid-deref)	0.1837672	0.27581772600024124	33.902592					false(valid-deref)	0.644713	1.0467619799999284	51.564544					TIMEOUT	120.8012683	128.94020951100038	622.469120					TIMEOUT	120.8744372	126.63228916600019	552.947712					TIMEOUT	120.8742	125.91719293400001	430.002176
admeshFixed.yml	valid-memsafety	true(valid-deref)					true	0.3078014	0.5636390049994588	41.107456					true	0.5595081	0.6014639839995652	11.444224					true	3.522429	3.696684380000079	131.047424					true	3.7633209	3.934656186000211	140.840960					true	2.6711747	3.208403698999973	60.739584					true	0.2646647	0.2825683319997552	30.789632					true	0.5373583	0.9092798809999749	45.084672					TIMEOUT	120.8052067	128.69941577300006	462.012416					TIMEOUT	120.9624187	126.31789400199978	511.234048					TIMEOUT	120.9121516	126.03878106899992	501.157888
asterisk.yml	valid-memsafety	false(valid-deref)					false(valid-deref)	9.3048989	10.453155516000152	63.516672					false(valid-deref)	0.9858002	1.0378861649996907	41.533440					ERROR	3.2343959	3.4322082600001522	130.207744					ERROR	3.4120944	3.54970184099966	151.449600					false(valid-deref)	1.768848	1.9598614360002102	88.760320					unknown	0.2845902	0.5278620009999031	36.147200					ERROR(returned 1, verification-finished)	0.7394646	1.2961850589999813	51.130368					unknown	19.7527246	21.58113320700022	331.313152					unknown	21.2572035	22.922339251000267	330.653696					unknown	19.5092474	21.102449885999704	325.730304
bzip3.yml	valid-memsafety	false(valid-deref)					unknown	49.7217174	55.245758279000256	104.546304					ERROR (137)	35.9828055	47.36286567499974	2526.203904					ERROR	3.4100799	3.6305949369998416	133.468160					ERROR	3.6671063	3.8225726810005654	149.176320					TIMEOUT	120.5707864	134.76372026799982	337.539072					TIMEOUT	120.8666375	126.30813446100001	345.239552					false(valid-deref)	88.0253842	104.87232468899992	213.303296					TIMEOUT	120.6490149	132.27325983100036	380.039168					TIMEOUT	120.7359555	130.6527671800004	375.443456					TIMEOUT	120.424901	129.50982115999977	398.106624
bzip3Fixed.yml	valid-memsafety	true(valid-deref)					unknown	50.2153105	55.56223982600022	155.045888					ERROR (137)	39.5215773	51.73518195700035	3605.684224					ERROR	3.4829239	3.667019366000204	130.228224					ERROR	3.8831491	4.04079151499991	145.199104					TIMEOUT	120.6510414	133.41145280299997	326.639616					TIMEOUT	120.9034147	125.04497799199999	345.300992					TIMEOUT (verification)	120.5146175	141.744162683	259.670016					TIMEOUT	120.7014955	131.36732196899993	377.896960					TIMEOUT	121.0094035	129.8373438839999	381.935616					TIMEOUT	120.7243063	129.340564825	413.933568
cups.yml	valid-memsafety	false(valid-deref)					false(valid-deref)	1.392351	1.6806750499999907	61.014016					false(valid-deref)	0.4599743	0.4994121419995281	36.044800					ERROR	3.2720403	3.580483159999858	128.561152					ERROR	3.5642552	3.693125703000078	151.543808					unknown	0.8870914	1.0273637139998755	46.706688					unknown	0.1726513	0.2818534860002728	36.548608					false(valid-deref)	1.8622059	2.314404355000079	58.920960					unknown	89.8378325	99.01104611799974	359.903232					unknown	93.270451	103.40989911199995	363.962368					unknown	71.8857286	79.18944194699998	336.752640
dlt-daemon.yml	valid-memsafety	false(valid-deref)					false(valid-memtrack)	3.50804	4.044843570000012	68.235264					false(valid-deref)	1.549872	1.6260670600004232	113.790976					ERROR	3.1945629	3.3834357349996935	132.046848					ERROR	3.6072398	3.7473570559996006	152.608768					false(valid-memtrack)	2.796581	3.11623742699976	90.746880					unknown	0.1408868	0.2793159489997379	30.429184					ERROR(returned 1, verification-finished)	0.8743877	1.5599531880000086	57.999360					unknown	19.7013055	22.39499359299998	280.436736					unknown	21.2899875	23.78585537300023	278.118400					unknown	19.8833313	22.357790168000065	272.793600
editorconfig-core-c.yml	valid-memsafety	false(valid-deref)					unknown	50.0320611	55.280980887000624	107.016192					TIMEOUT	120.4528534	149.9301214140005	692.789248					ERROR	3.0965098	3.371278648999578	128.880640					ERROR	3.5347692	3.6773412960001224	141.438976					TIMEOUT	120.5962394	134.46541015799994	312.598528					TIMEOUT	120.751485	129.21030728799997	93.691904					TIMEOUT (verification)	120.56446	140.89025233999996	218.415104					unknown	55.8182027	63.86827998799981	346.886144					unknown	39.5699838	44.984526296000695	315.731968					unknown	37.7566906	42.9348592740007	348.672000
editorconfig-core-cFixed.yml	valid-memsafety	true(valid-deref)					unknown	49.9855069	55.13429617200018	103.055360					false(unreach-call)	84.886975	103.10906987700037	614.567936					ERROR	3.2313505	3.491783452999698	129.921024					ERROR	3.4673545	3.6140264979994754	148.451328					TIMEOUT	120.6486873	133.48311648900017	291.934208					TIMEOUT	120.7518713	129.0529036930002	94.937088					TIMEOUT (verification)	120.4726311	140.06597555400003	224.395264					unknown	39.2534547	45.50513451799998	359.829504					unknown	40.8643337	46.050035502000355	338.157568					unknown	38.4562645	43.188525932999255	342.499328
flatcc.yml	valid-memsafety	false(valid-deref)					false(valid-deref)	0.2624664	0.40573465899979055	41.000960					false(valid-deref)	0.7461316	0.7964950850000605	9.609216					false(valid-deref)	2.8667308	3.3092517380000572	133.627904					ERROR	3.1358774	3.289308035999966	144.293888					false(valid-deref)	0.6983499	0.8122720579999623	53.809152					false(valid-deref)	0.148294	0.2845117259998915	34.430976					false(valid-deref)	1.0339859	1.412379172999863	67.977216					unknown	21.4213319	24.276472661999833	285.970432					unknown	21.5928386	24.584277042000394	265.691136					unknown	20.0436951	23.2931651910003	275.873792
frr.yml	valid-memsafety	false(valid-deref)					unknown	49.479288	54.63547340700006	99.876864					ERROR (137)	12.5654328	16.39329916599945	1760.530432					ERROR	3.2928286	3.9284746470002574	127.021056					ERROR	3.4447196	3.591909564999696	141.262848					false(valid-deref)	40.1473318	45.97721079899975	106.528768					TIMEOUT	120.8261226	126.33005723799988	95.670272					TIMEOUT (verification)	121.0420507	139.39814546599996	193.294336					unknown	37.7156464	44.26444824200007	298.332160					unknown	39.6184346	44.592507028	302.759936					unknown	37.2368974	41.78872177100038	285.388800
frrFixed.yml	valid-memsafety	true(valid-deref)					unknown	44.9836737	49.616205352999714	82.456576					ERROR (137)	14.4663907	19.34641991299941	2115.338240					ERROR	3.3210256	3.5387995609999052	127.442944					ERROR	3.5424531	3.7601200250001057	141.205504					TIMEOUT	120.6292171	135.64588903899994	198.938624					false(valid-deref)	0.2607546	0.27429032899999584	36.491264					TIMEOUT (verification)	120.6125668	140.54772156700005	170.733568					unknown	41.1669491	48.97168668999984	320.856064					unknown	43.4045996	49.11397403299998	315.621376					unknown	40.3838579	46.883223235000514	293.920768
gpac_1.yml	valid-memsafety	false(valid-deref)					false(valid-deref)	35.3307214	39.43073599499985	100.765696					ERROR (137)	5.5766142	6.394126383000184	1699.483648					ERROR	3.2289206	3.546982374000436	129.703936					ERROR	3.5877675	3.8178952469997967	144.617472					unknown	24.8523869	29.26371876600024	2299.449344					TIMEOUT	120.832838	126.56936848700025	216.580096					false(valid-deref)	28.0504637	31.465536884999892	157.011968					TIMEOUT	120.6057456	127.55783969200002	473.288704					TIMEOUT	120.8675854	126.96641956900021	472.055808					TIMEOUT	120.8673598	126.20620809299999	479.780864
gpac_10.yml	valid-memsafety	false(valid-deref)					false(valid-deref)	0.4642493	0.5801633020000736	54.517760					false(valid-deref)	0.1523945	0.18145114700018894	11.616256					false(valid-deref)	116.9513997	121.87769837299948	277.831680					false(valid-deref)	56.4936584	58.84154232800029	178.331648					false(valid-deref)	0.2654013	0.29631279900013396	56.225792					unknown	0.6661699	0.7790933979999863	42.332160					false(valid-deref)	0.8377215	0.9595838139998705	51.064832					false(valid-deref)	24.015968	26.12334131999978	277.557248					false(valid-deref)	26.316056	27.518142850000004	284.721152					false(valid-deref)	24.3642071	25.64803884400044	283.058176
gpac_11.yml	valid-memsafety	false(valid-deref)					false(valid-deref)	2.6683675	3.015195028000562	54.935552					false(valid-deref)	0.6448625	0.6944357450001917	12.300288					TIMEOUT	121.9583127	126.27945607199945	270.012416					ERROR	3.9253106	4.2970205789997635	151.388160					false(valid-deref)	0.2669693	0.6183001729996249	45.350912					unknown	0.3074221	0.5303563160000522	39.280640					ERROR(returned 1, verification-finished)	0.8552719	1.373760607999884	61.251584					TIMEOUT	120.8173771	127.7973758979997	573.071360					TIMEOUT	120.8763641	127.54372657399927	774.094848					TIMEOUT	120.9042885	125.84520135599996	577.888256
gpac_12.yml	valid-memsafety	false(valid-deref)					false(valid-deref)	2.1766903	2.4990064970006642	47.239168					false(valid-deref)	0.6721867	0.7431183369999417	12.419072					false(valid-deref)	3.9190827	4.1708600759993715	137.277440					ERROR	3.5725026	3.8843533289991683	144.973824					false(valid-deref)	0.2764041	0.372090801000013	50.860032					unknown	0.1475773	0.28096424199975445	34.689024					ERROR(returned 1, verification-finished)	0.6621393	1.35774758499997	45.604864					TIMEOUT	120.6250419	128.00680885300017	509.120512					TIMEOUT	120.8876749	126.213942847	584.298496					TIMEOUT	120.9141416	125.83617513599984	575.369216
gpac_13.yml	valid-memsafety	false(valid-deref)					false(valid-deref)	2.1161354	2.3862026520000654	55.164928					false(valid-deref)	0.4685508	0.5088876589998108	13.078528					ERROR	3.5986424	3.86212139700001	134.201344					ERROR	3.340933	3.6709196789997804	145.084416					unknown	1.2498017	1.7082892179996634	49.324032					unknown	0.1335813	0.2768615250001858	35.491840					ERROR(returned 1, verification-finished)	0.657459	1.3431835850001335	45.219840					TIMEOUT	120.8682752	126.87746677199993	379.793408					TIMEOUT	120.7615272	128.05168671299998	406.470656					TIMEOUT	120.8103349	128.49104741199972	383.528960
gpac_14.yml	valid-memsafety	false(valid-deref)					false(valid-deref)	3.7385447	4.193840001999888	55.525376					false(valid-deref)	0.4651096	0.5032325160000255	18.493440					false(valid-deref)	64.3258064	67.38813771700006	280.244224					ERROR	3.238681	3.5508996140006275	139.653120					false(valid-deref)	0.3297843	0.3766696480001883	58.916864					unknown	0.9798715	1.0282190630000514	67.686400					ERROR(returned 1, verification-finished)	0.6582447	1.5513883880000776	45.846528					TIMEOUT	120.8735952	126.14289340299956	317.603840					TIMEOUT	120.847643	126.93440457600082	426.938368					TIMEOUT	120.8772032	126.05652712099982	537.350144
gpac_16.yml	valid-memsafety	false(valid-deref)					unknown	50.5613071	55.73536815099942	141.791232					ERROR (137)	7.0475792	8.818905782000002	1340.813312					ERROR	3.2092744	3.4379664199996114	129.433600					ERROR	3.7102857	3.9370023339997715	143.101952					TIMEOUT	120.6653786	134.3155170529999	860.790784					TIMEOUT	120.8518691	126.7713843040001	252.866560					false(valid-deref)	1.9752454	2.221836037999992	52.183040					false(valid-deref)	34.7479512	36.90674125800024	353.800192					false(valid-deref)	36.6118305	39.088266058000045	368.558080					false(valid-deref)	36.6772007	38.53801825499977	362.717184
gpac_16Fixed.yml	valid-memsafety	true(valid-deref)					unknown	50.6439549	55.84881233000033	178.552832					ERROR (137)	10.3749479	12.917583415999616	1814.941696					ERROR	3.4421662	3.6763353830001506	129.093632					ERROR	3.8357085	4.1604240030001165	158.375936					TIMEOUT	120.30015	134.97757202699995	918.556672					TIMEOUT	120.8134179	127.14809690099992	252.903424					TIMEOUT (verification)	120.8778446	139.654908278	256.221184					TIMEOUT	120.5456416	130.38803324599985	412.598272					TIMEOUT	120.7269445	130.28064957599963	417.198080					TIMEOUT	120.8047024	131.16138475000025	427.782144
gpac_17.yml	valid-memsafety	false(valid-deref)					false(valid-deref)	26.4864351	29.302620190999733	82.132992					false(valid-deref)	15.1766387	18.67861131400059	1085.784064					ERROR	3.2620287	3.673645978999957	128.098304					ERROR	3.6006989	3.8714656870006365	140.165120					unknown	52.4144027	60.64862567600039	2305.765376					TIMEOUT	120.848375	126.51985222500025	220.835840					false(valid-deref)	8.9825952	9.938290787999904	78.573568					TIMEOUT	120.9848856	134.82945115200027	554.885120					TIMEOUT	120.5422593	128.63035450400002	583.319552					TIMEOUT	120.1643684	128.35448006099978	575.954944
gpac_18.yml	valid-memsafety	false(valid-deref)					false(valid-deref)	0.6671659	0.792383764999613	54.665216					false(valid-deref)	0.7183137	0.7685017880003215	11.694080					TIMEOUT	121.942079	127.28273025700037	280.133632					TIMEOUT	901.4010714	930.3649113869997	297.316352					false(valid-deref)	0.5594147	0.6239760919997934	54.820864					unknown	88.5416485	93.78307219399994	48.766976					false(valid-deref)	0.7076244	0.8178529760000401	51.310592					false(valid-deref)	21.4052661	25.380984512000396	313.303040					false(valid-deref)	21.6074347	24.564286331000403	311.934976					false(valid-deref)	21.9576802	23.831982634999804	322.445312
gpac_19.yml	valid-memsafety	false(valid-deref)					false(valid-deref)	20.714021	23.230944034999993	69.296128					ERROR (137)	7.3031733	9.904523189000429	1267.654656					ERROR	3.2306755	3.447903065999526	130.088960					ERROR	3.5242074	3.8959814290001304	143.736832					TIMEOUT	120.689751	133.2976072649999	410.361856					TIMEOUT	120.8650789	126.16908727000009	253.775872					false(valid-deref)	11.6179878	12.823279503000094	100.814848					TIMEOUT	120.8178515	128.46489664799992	440.709120					TIMEOUT	120.411013	126.77362065700072	482.918400					TIMEOUT	120.7120913	134.15110747899962	478.408704
gpac_1Fixed.yml	valid-memsafety	true(valid-deref)					unknown	50.4176976	55.76874888400016	114.753536					ERROR (137)	5.3853953	6.581494461000148	1245.032448					ERROR	3.4062176	3.7313067360000787	128.499712					ERROR	3.3165633	3.634443925000596	134.729728					TIMEOUT	120.7983565	133.2608603509998	2364.915712					TIMEOUT	120.854106	126.47923669600004	217.600000					TIMEOUT (verification)	120.805555	143.47681706899994	423.350272					TIMEOUT	120.5641364	129.58118383700003	581.799936					TIMEOUT	120.9134129	125.6461384029999	606.167040					TIMEOUT	120.7504048	134.31790995600022	527.536128
gpac_3.yml	valid-memsafety	false(valid-deref)					unknown	50.0173578	55.51733492299991	116.940800					ERROR (137)	20.1619459	26.059054350000224	1973.383168					ERROR	3.4025912	3.7211784619994432	128.401408					ERROR	3.417787	3.5450512639999943	142.389248					false(valid-deref)	58.6250619	68.8124207349997	144.433152					TIMEOUT	120.8713759	125.82858044600016	250.986496					TIMEOUT (verification)	120.7320455	147.1544987440002	761.929728					TIMEOUT	120.7278253	130.30679709499964	485.621760					TIMEOUT	120.8868877	127.01074161799988	1136.984064					TIMEOUT	120.2183333	131.7738762149993	603.525120
gpac_5.yml	valid-memsafety	false(valid-deref)					false(valid-deref)	0.482208	0.5967351179997422	46.133248					false(valid-deref)	0.0935525	0.12372314500044013	7.507968					ERROR	3.0454078	4.469763606000015	129.654784					ERROR	3.345621	3.495907847000126	141.361152					false(valid-deref)	0.2678033	0.9898927490003189	44.658688					unknown	0.185267	0.29444412700013345	33.660928					false(valid-deref)	0.63288	0.739935044000049	46.407680					false(valid-deref)	6.6645635	7.054398964000029	235.982848					false(valid-deref)	7.3898403	7.789671059000284	233.078784					false(valid-deref)	7.0745248	7.678699119000157	240.988160
gpac_5Fixed.yml	valid-memsafety	true(valid-deref)					unknown	40.9890085	45.25585868300004	67.416064					TIMEOUT	121.0737357	148.3090426790004	525.615104					ERROR	3.0313515	3.543298724000124	129.470464					ERROR	3.0176979	3.4669359389999954	136.261632					TIMEOUT	120.4185757	138.9567929929999	229.453824					true	0.1591086	0.6116655370001354	27.500544					TIMEOUT (verification)	120.4583779	150.5363865029999	2894.938112					true	8.0190259	8.44007597799964	245.051392					true	7.6447654	8.054274625999824	240.197632					true	7.4950507	8.20296242799941	247.087104
gpac_6.yml	valid-memsafety	false(valid-deref)					false(valid-deref)	11.9866796	13.286248549999982	67.686400					false(valid-deref)	1.8360219999999998	3.435340754999743	38.686720					false(valid-deref)	10.7430329	11.44675178899979	163.745792					false(valid-deref)	135.2070477	140.01147795999987	194.609152					false(valid-deref)	0.9696027	2.2418368940002438	110.014464					TIMEOUT	120.7572463	126.28682904300013	246.403072					false(valid-deref)	16.3265846	18.414325577	72.675328					TIMEOUT	120.3786862	130.18015060300013	590.118912					TIMEOUT	120.3973935	126.87444910300019	595.558400					TIMEOUT	120.9379032	132.8094527410003	594.624512
gpac_7.yml	valid-memsafety	false(valid-deref)					unknown	0.7573375	0.9012901959995361	60.080128					unknown	84.2602095	109.14130877600019	1513.705472					TIMEOUT	122.3918402	127.00520638299986	304.726016					TIMEOUT	901.1538302	929.8060333410003	221.544448					TIMEOUT	120.7354106	129.94068681599992	289.210368					TIMEOUT	120.1698987	130.7862394140002	202.620928					ERROR(returned 1, verification-finished)	0.5498646	1.121202829999902	48.627712					true	12.1813207	12.999693992000175	273.629184					true	11.4269457	12.060166983000272	266.903552					true	11.4561875	12.247150414000316	275.083264
gpac_8.yml	valid-memsafety	false(valid-deref)					unknown	49.6569224	55.97565422699972	173.473792					false(valid-deref)	1.2840413	1.957440019000387	68.837376					ERROR	3.253797	3.3891514139995707	127.762432					ERROR	3.0099771	3.3896690900000976	140.754944					false(valid-deref)	1.5538278	2.073426317999747	50.970624					TIMEOUT	120.6993933	131.50265025499993	118.403072					ERROR(returned 1, verification-finished)	3.4046713	5.396215344999973	61.325312					TIMEOUT	120.8520915	127.20675678299995	387.223552					TIMEOUT	120.8701657	126.10052861300028	352.325632					TIMEOUT	120.9993828	134.27098611099973	369.618944
gpac_9.yml	valid-memsafety	false(valid-deref)					false(valid-deref)	0.2518977	0.3183051930000147	35.512320					false(valid-deref)	1.7189486	2.7721834220001256	28.516352					false(valid-deref)	4.590427	6.29363694299991	138.248192					false(valid-deref)	9.2083271	9.890557533999527	157.335552					false(valid-deref)	0.5172809	0.8194571409999298	52.002816					unknown	0.2695537	0.5508330100001331	36.814848					ERROR(returned 1, verification-finished)	0.8344444	1.764060470000004	46.596096					unknown	71.6910111	78.03809657400006	343.859200					unknown	75.2827769	82.07464519799942	336.154624					unknown	107.0664344	124.23502323899993	337.735680
gps-sdr-sim.yml	valid-memsafety	false(valid-deref)					false(valid-free)	11.8362845	13.092349794999791	55.394304					ERROR (137)	8.4076428	12.064492622999751	2198.867968					ERROR	3.1791085	3.549264666000454	129.429504					ERROR	3.2377595	3.5763878950001526	137.101312					TIMEOUT	120.7753966	129.20315649799977	210.440192					TIMEOUT	120.6473705	131.87108958999988	88.535040					ERROR(returned 1, verification-finished)	0.755559	1.2846727660000852	44.507136					unknown	15.717174	18.10695505800004	259.170304					unknown	15.8277255	17.278899259000355	258.686976					unknown	15.5162745	16.920626266	265.015296
gss-ntlmssp.yml	valid-memsafety	false(valid-deref)					false(valid-deref)	9.11389	10.153209239000716	56.676352					false(valid-deref)	2.293659	3.9624322879999454	41.635840					ERROR	3.6007364	4.390314339000724	128.954368					ERROR	3.5931411	4.286540047000017	144.449536					false(valid-deref)	15.2614834	16.741058229999908	125.456384					TIMEOUT	120.7073887	131.4078436509999	342.392832					false(valid-deref)	9.6308773	11.568079057999967	52.162560					TIMEOUT	120.8307351	127.92211581499987	393.416704					TIMEOUT	120.8220042	127.18321250899953	375.025664					TIMEOUT	120.9864475	134.01605123400077	380.391424
gss-ntlmsspFixed.yml	valid-memsafety	true(valid-deref)					unknown	39.5014796	45.33610891399985	81.727488					TIMEOUT	121.0434403	145.69419105499946	880.422912					ERROR	3.3407404	4.064162717999352	129.200128					ERROR	3.5548334	4.452216734000103	150.626304					TIMEOUT	120.4313013	127.50867025999969	227.569664					TIMEOUT	120.747397	129.99303173099997	342.409216					TIMEOUT (verification)	120.9625034	153.30513097100015	836.235264					TIMEOUT	120.9990181	132.2728273150001	384.487424					TIMEOUT	120.9013428	125.82523453700014	387.682304					TIMEOUT	121.0083429	132.9713249059996	376.623104
hyperkit_1.yml	valid-memsafety	false(valid-deref)					false(valid-deref)	0.4010837	0.522907307999958	37.748736					false(valid-deref)	0.9615039	1.9244937090006715	19.800064					false(valid-deref)	6.6230825	8.638632598000186	169.545728					false(valid-deref)	7.7753569	9.248944954000763	163.794944					false(valid-deref)	0.98985	1.428031560999898	53.059584					TIMEOUT	120.6911028	131.5050980840001	201.179136					false(valid-deref)	0.6647456	0.8071488049999971	35.958784					TIMEOUT	120.708759	127.94054947599989	448.839680					TIMEOUT	120.8976187	125.82364110199978	456.122368					TIMEOUT	120.6191248	132.37072259100023	460.861440
hyperkit_1Fixed.yml	valid-memsafety	true(valid-deref)					true	0.4105866	0.4954869499997585	38.055936					true	0.5403213	0.7548080000005939	10.543104					true	4.0580829	4.457733672999893	134.299648					true	6.1411571	6.671909676000723	154.177536					true	0.7781129	0.8325090329999512	50.507776					true	1.2226882	1.3016708440000002	49.373184					true	0.7101658	0.8744670400001269	35.717120					TIMEOUT	120.7704056	129.82868404200008	486.416384					TIMEOUT	120.8515832	127.42471454199949	455.598080					TIMEOUT	120.6578488	133.16100000799997	457.359360
jhead.yml	valid-memsafety	false(valid-deref)					unknown	23.4148758	26.432765193000705	83.922944					TIMEOUT	120.7194479	139.9941312459996	210.751488					ERROR	3.2036726	4.566680676999567	128.368640					ERROR	3.5144113	3.674226998999984	142.356480					TIMEOUT	120.4134901	127.56214840799976	253.792256					TIMEOUT	120.5600778	132.4227068109999	271.212544					TIMEOUT (verification)	120.6621915	147.7548296340001	745.168896					TIMEOUT	120.7246309	129.61033465800028	481.341440					TIMEOUT	120.4293248	128.29560191200017	445.284352					TIMEOUT	120.5786756	135.28624156899969	487.677952
jhead_1.yml	valid-memsafety	false(valid-deref)					unknown	39.718457	45.620179192999785	1563.652096					ERROR (137)	11.4120934	17.83718522900017	1829.183488					ERROR	3.4601216	3.86159047000001	131.010560					ERROR	3.7504602	3.9265123459999813	141.979648					false(valid-deref)	18.4008238	19.110935879999943	91.353088					TIMEOUT	120.7282041	130.64611504200002	150.884352					TIMEOUT (verification)	120.6011966	155.29302314000006	2789.302272					TIMEOUT	120.8016947	128.5349170039999	418.406400					TIMEOUT	120.6341551	128.1844948220005	401.440768					TIMEOUT	120.5377464	132.81581198999993	425.615360
jq.yml	valid-memsafety	false(valid-deref)					false(valid-deref)	8.3196324	9.721876291000626	54.841344					ERROR (137)	15.880785	21.929224530999818	2072.645632					ERROR	3.2960634	3.625314427000376	127.475712					ERROR	3.7113187	3.9315542280000955	145.805312					TIMEOUT	120.7552888	129.07307522500014	430.432256					unknown	1.5775114	1.7895298869998442	37.400576					false(valid-deref)	9.0320588	10.236934026999961	51.048448					TIMEOUT	120.681874	131.90652319799983	540.090368					TIMEOUT	120.7520104	129.23668100600025	526.905344					TIMEOUT	120.6027315	135.06959965500027	540.012544
json-c.yml	valid-memsafety	false(valid-deref)					unknown	0.8522304	1.0013116800000716	60.071936					unknown	72.9178812	102.66661988099986	1211.002880					TIMEOUT	122.5857619	127.11162124300063	578.588672					TIMEOUT	902.3844023	930.8465573540007	535.572480					TIMEOUT	120.7874288	129.02270984300003	785.092608					TIMEOUT	120.7948563	129.5675875490001	966.922240					ERROR(unknown, verification-finished)	0.6345448	0.7505144330000348	37.670912					TIMEOUT	120.8154906	128.71784549899985	520.019968					TIMEOUT	120.8191967	127.23184656000012	828.080128					TIMEOUT	120.2200444	133.4309761000004	548.954112
json-parser.yml	valid-memsafety	false(valid-deref)					false(valid-deref)	2.8841239	3.226216475000001	55.599104					ERROR (137)	6.9126454	11.710624864999772	1790.996480					ERROR	3.3281004	4.303735544999654	127.787008					ERROR	3.7477474	3.9462483140005133	141.832192					TIMEOUT	120.7589001	129.07350306299986	222.212096					TIMEOUT	120.7679868	129.52064641200013	210.149376					false(valid-deref)	2.3417325	2.6458825629999865	51.073024					TIMEOUT	120.5392599	130.99439106699992	380.239872					TIMEOUT	120.5318052	128.11427685699982	383.340544					TIMEOUT	120.6223846	133.21481202500036	395.694080
json-parserFixed.yml	valid-memsafety	true(valid-deref)					unknown	40.0456686	44.51047665100032	73.822208					ERROR (137)	11.9632883	18.352478050999707	1887.502336					ERROR	3.1639627	3.872724616000596	128.036864					ERROR	4.1235243	4.270550459000333	151.678976					TIMEOUT	120.7728441	129.0261752639999	232.468480					TIMEOUT	120.6894843	131.96146709500044	237.891584					TIMEOUT (verification)	120.8379275	140.095199396	254.533632					TIMEOUT	120.8088755	127.53235305200042	397.180928					TIMEOUT	120.1599708	128.34584403899953	370.270208					TIMEOUT	120.7638558	129.9607287890003	386.285568
kilo.yml	valid-memsafety	false(valid-deref)					false(valid-deref)	2.1399324	2.4259086809997825	46.829568					false(valid-deref)	0.1821897	0.37948995800070406	19.873792					ERROR	3.3537187	3.9523730279997835	129.622016					false(valid-deref)	4.0589076	4.2324044650004	144.551936					false(valid-deref)	0.3099669	0.34009319799997684	54.685696					unknown	0.1500158	0.2895987669999158	30.056448					false(valid-deref)	3.0604621	3.457359557000018	147.230720					unknown	17.3732551	22.90070286299988	304.611328					unknown	15.7377707	17.429916932000197	269.578240					unknown	15.9805816	18.747953517000497	297.545728
krb5.yml	valid-memsafety	false(valid-free)					false(valid-free)	3.1113766	3.553977894000127	54.894592					false(valid-free)	0.2189149	0.26495129100021586	9.302016					ERROR	4.7504797	5.01709150699935	134.397952					ERROR	5.2345272	5.45827560699945	157.810688					false(valid-free)	0.5550489	0.5920057430002998	56.832000					unknown	0.4460567	0.5364994149999802	44.535808					false(valid-free)	2.7171508	2.851363640999807	64.110592					TIMEOUT	120.6298046	127.47335801300005	672.575488					TIMEOUT	120.4932261	126.70175548599946	488.558592					TIMEOUT	120.3048865	129.22658725200017	668.119040
krb5Fixed.yml	valid-memsafety	true(valid-free)					unknown	39.4382049	43.98351017100049	173.445120					ERROR (137)	28.0995395	35.50216143600028	2862.792704					ERROR	4.5622725	5.000224436999815	136.355840					ERROR	4.810911	4.976361859000463	155.729920					TIMEOUT	120.7456752	129.029380469	214.605824					unknown	0.6000976	0.9097120419996827	39.305216					TIMEOUT (verification)	120.2179129	137.8359171860002	781.971456					TIMEOUT	120.5422511	126.96462432599992	711.774208					TIMEOUT	120.6907642	126.91662377699959	566.956032					TIMEOUT	120.2502128	127.88009825599966	493.178880
libeconf.yml	valid-memsafety	false(valid-deref)					true	0.2768061	0.34821416799968574	37.953536					TIMEOUT	120.8226099	149.36573689899978	789.184512					true	3.113033	4.1726195869996445	125.894656					TIMEOUT	901.1955181	929.5438896989999	256.794624					TIMEOUT	120.643412	129.39753145500026	400.121856					false(valid-deref)	0.1612215	0.28740393199996106	29.954048					true	0.5072264	0.8315173739999864	133.488640					unknown	13.9726005	15.198132857000019	252.612608					unknown	14.6973229	16.24126573800004	259.989504					unknown	14.3057463	15.98285179999948	258.211840
liblouis.yml	valid-memsafety	false(valid-deref)					unknown	23.5391181	26.313759842000763	126.390272					false(valid-memtrack)	0.5569092	0.7387380840000333	24.289280					ERROR	3.4367382	3.800552873000015	127.836160					ERROR	3.936675	4.1192943480000395	151.658496					TIMEOUT	120.7678296	129.06792619999987	190.242816					TIMEOUT	120.6068253	133.238137757	100.921344					TIMEOUT (verification)	120.639277	133.38850376200003	425.111552					unknown	44.0720798	50.52580507599987	364.163072					unknown	45.1304228	50.97795161399972	363.851776					unknown	47.5465584	53.47218598600011	395.710464
libming_1.yml	valid-memsafety	false(valid-deref)					unknown	31.7704862	36.85310597900025	88.199168					ERROR (137)	83.5473682	105.42524528300055	1123.020800					ERROR	3.0680987	3.5215233509998143	127.545344					ERROR	4.0069579	4.178466063000087	143.065088					TIMEOUT	120.7605478	129.0915253760004	266.743808					TIMEOUT	120.5361178	134.87128723500018	94.195712					TIMEOUT (verification)	120.7674149	132.58944122599996	1264.033792					TIMEOUT	120.8799877	126.31856553200032	411.512832					TIMEOUT	120.7280687	129.97895848400003	388.132864					TIMEOUT	120.8628496	126.9240834430002	398.467072
libpe.yml	valid-memsafety	false(valid-deref)					false(valid-deref)	1.397311	1.6380790800003524	54.906880					false(valid-deref)	0.5737762	0.7609258719994614	28.188672					ERROR	2.9876885	3.2948103649996483	117.305344					TIMEOUT	901.4431496	929.8971145390005	318.754816					false(valid-deref)	0.9192022	0.9736434650003503	57.028608					false(valid-deref)	0.5086248	0.5746351749999121	31.305728					false(valid-deref)	1.5977183	1.7000378110001293	51.552256					TIMEOUT	120.8534662	126.9313780309999	375.136256					TIMEOUT	120.7941714	129.03266080200046	369.377280					TIMEOUT	120.5345457	127.83777055999963	385.961984
libredwg.yml	valid-memsafety	false(valid-deref)					false(valid-deref)	10.1263071	11.511551074999261	60.583936					false(valid-deref)	2.810569	3.8993031990003146	314.343424					ERROR	3.7943546	4.427361841000675	131.022848					ERROR	6.8221139	7.144712705000529	149.807104					false(valid-deref)	2.015283	2.098708158000136	71.663616					false(valid-deref)	1.2420176	1.6194295390000661	96.677888					false(valid-deref)	7.4759401	8.783880585000134	54.870016					TIMEOUT	120.9068512	125.05901139199977	349.556736					TIMEOUT	120.7254103	130.56862370899944	341.991424					TIMEOUT	120.6553487	127.21896766400005	348.086272
libredwg_1.yml	valid-memsafety	false(valid-deref)					false(valid-deref)	4.1165649	4.6012162079996415	56.791040					false(valid-deref)	1.131865	1.7092999730002703	70.201344					ERROR	2.9090959	3.231818868999653	122.994688					ERROR	3.6820724	3.8779663410005014	151.154688					false(valid-deref)	1.1026854	1.156743686000027	50.647040					TIMEOUT	120.7367462	130.11138710100022	283.799552					false(valid-deref)	5.4218969	5.873143404999837	60.669952					TIMEOUT	120.6345573	126.12082905099987	587.579392					TIMEOUT	120.7475149	130.88985557100023	589.692928					TIMEOUT	120.884524	126.62652463900031	474.226688
libredwg_1Fixed.yml	valid-memsafety	true(valid-deref)					unknown	48.2577079	55.16561487199942	104.755200					ERROR (137)	61.9604687	84.7787946010003	1237.061632					ERROR	3.2998544	3.5585061740002857	126.185472					ERROR	3.9884303	4.1618212759995	143.876096					TIMEOUT	120.7732409	129.156948027	212.013056					TIMEOUT	120.6625516	133.0691419750001	279.244800					TIMEOUT (verification)	120.671666	131.89077860299994	288.899072					TIMEOUT	120.7919638	126.49407138800007	617.062400					TIMEOUT	120.8252604	128.2333972740007	609.886208					TIMEOUT	120.7066608	126.08277473999988	622.817280
memcached.yml	valid-memsafety	false(valid-deref)					unknown	23.941676	28.69299851300002	78.073856					ERROR (137)	9.8275369	13.984912273000191	2603.900928					ERROR	2.9817039	3.262009750999823	127.426560					ERROR	3.7771198	3.9457108209999205	145.154048					TIMEOUT	120.4960414	129.58823199800008	929.120256					unknown	1.7341211	2.0509348109999337	38.596608					false(valid-memtrack)	25.6439201	30.287112696999884	98.549760					TIMEOUT	120.8864907	125.96611344599978	632.340480					TIMEOUT	120.8235874	128.14636138700007	643.219456					TIMEOUT	120.9008548	125.54873395499999	637.231104
minizip-ng.yml	valid-memsafety	false(valid-deref)					false(valid-deref)	10.6645597	12.021854386999621	64.397312					false(unreach-call)	3.6555334	4.261517406999701	259.469312					ERROR	3.0048459	3.460378042999764	116.092928					ERROR	3.5109518	3.6676478770004906	146.300928					false(valid-deref)	1.8139915	1.91979936000007	53.719040					false(valid-deref)	70.5719012	77.85163837800019	224.604160					false(valid-deref)	18.2576427	20.067000847000145	83.267584					false(valid-deref)	45.5771286	48.15972128199974	355.389440					false(valid-deref)	46.1190295	49.836266712	359.325696					false(valid-deref)	43.3978679	46.12495027499972	352.526336
minizip-ngFixed.yml	valid-memsafety	true(valid-deref)					unknown	33.5103984	37.546306932000334	138.743808					ERROR (137)	13.6075439	19.940773733999777	1403.514880					ERROR	3.2487708	3.492809035999926	128.552960					ERROR	3.5864577	3.7524567260006734	142.028800					TIMEOUT	120.7229769	129.5580937300001	226.344960					TIMEOUT	120.7469094	130.04175571900032	264.503296					TIMEOUT (verification)	120.8180929	136.52397394700006	245.395456					TIMEOUT	120.8414529	126.91577615899996	455.364608					TIMEOUT	120.7958989	129.05422151900075	469.118976					TIMEOUT	120.5769446	129.08483858199997	380.133376
minizip-ng_1.yml	valid-memsafety	false(valid-deref)					false(valid-deref)	1.3068111	1.4947575019996293	55.062528					false(valid-deref)	0.1718513	0.5751483269996243	10.735616					ERROR	3.3229577	3.4437787429997115	130.220032					ERROR	3.8088382	3.982629149000786	152.285184					false(valid-deref)	0.3840962	0.4275555210001585	51.892224					unknown	0.1874956	0.2840092070000537	35.790848					false(valid-deref)	1.4544813	1.6634345780000785	51.552256					unknown	22.7373019	25.556778300000133	270.970880					unknown	24.4459504	27.33516822799993	276.131840					unknown	22.7546694	25.557687292999617	295.964672
minizip-ng_1Fixed.yml	valid-memsafety	true(valid-deref)					unknown	30.5352998	35.93894334700053	136.196096					TIMEOUT	120.585947	144.35475589500038	1018.904576					ERROR	3.1295418	3.2754853059996094	130.863104					ERROR	3.9409221	4.095736994000617	146.153472					TIMEOUT	120.7559727	129.12969486700013	268.820480					unknown	0.1893204	0.3116705939996791	30.228480					TIMEOUT (verification)	120.5593185	132.44056779099992	358.387712					unknown	22.5494556	25.356515842000135	277.434368					unknown	22.9525948	25.6660558450003	271.597568					unknown	23.6080466	26.2795539130002	275.468288
mongoose.yml	valid-memsafety	false(valid-deref)					false(valid-deref)	0.5507389	0.6712859420003952	54.685696					false(valid-deref)	0.1485158	0.4598843740004668	18.427904					ERROR	3.1974591	3.341102519000742	128.270336					ERROR	3.7138802	3.8709089060002952	144.318464					false(valid-deref)	0.3089756	0.33867030400006115	59.584512					unknown	0.1978129	0.2897428299997955	36.306944					false(valid-deref)	0.9115132	1.0959735529997943	51.798016					false(valid-deref)	12.9958619	13.904301665000276	290.537472					false(valid-deref)	13.283749	14.446472561000519	278.802432					false(valid-deref)	12.7474966	13.78154123799959	285.630464
mongooseFixed.yml	valid-memsafety	true(valid-deref)					unknown	31.2114915	34.92941686500035	157.999104					ERROR (137)	7.9307066	14.824339959000099	1505.341440					ERROR	3.0652701	3.183303005000198	128.991232					ERROR	4.3145994	4.508986101999653	145.604608					TIMEOUT	120.1979503	130.1111875810002	237.608960					unknown	0.1929264	0.28448685499961357	37.085184					TIMEOUT (verification)	121.048183	137.65466051299995	1161.216000					true	16.8006006	18.156329393000306	288.526336					true	17.3947416	19.041893781999534	300.179456					true	17.894377	18.97523971100054	291.098624
mongoose_1.yml	valid-memsafety	false(valid-deref)					unknown	0.7579412	0.9244795560007333	60.006400					false(valid-deref)	1.8255914	2.0626357699993605	91.488256					true	2.835209	2.942276590999427	128.270336					TIMEOUT	901.6230712	930.0150368839995	415.535104					TIMEOUT	120.7681086	129.50435111499974	329.981952					unknown	0.1249851	0.28468270899975323	33.280000					true	0.3811388	0.44584263299998383	32.555008					true	8.3488972	8.936776757000189	237.842432					true	8.3909084	9.537867246999667	237.826048					true	8.5263715	8.997566742000345	236.912640
moonlight-common-c.yml	valid-memsafety	false(valid-deref)					unknown	23.7520264	27.581747424999776	91.926528					ERROR (137)	97.6140839	115.20004437100033	2296.217600					ERROR	3.2470132	3.385040707999906	127.750144					ERROR	3.8429191	4.002309126	143.568896					TIMEOUT	120.800146	127.88322836700036	158.691328					TIMEOUT	120.8637309	125.57974224499958	98.697216					ERROR(returned 1, verification-finished)	3.1989163	4.866101399999934	120.967168					TIMEOUT	120.7518157	130.35812975	391.176192					unknown	86.9640191	98.46126372300023	376.565760					TIMEOUT	120.7220831	129.15447391100042	379.084800
nanopb.yml	valid-memsafety	false(valid-deref)					false(valid-deref)	2.2182678	2.6270374219993755	55.984128					false(valid-deref)	0.2964095	0.5164593629997398	20.484096					ERROR	3.2945861	3.431372769000518	129.343488					ERROR	3.9317934	4.107279021000068	150.675456					TIMEOUT	120.6373823	128.66289153100024	255.369216					unknown	0.2043044	0.3246775829998114	42.438656					false(valid-deref)	2.0790458	2.694034722999959	51.130368					false(valid-deref)	61.0156789	64.39157575200034	376.152064					false(valid-deref)	73.1646675	80.3831608999999	374.820864					false(valid-deref)	57.6943279	61.56282414299949	376.541184
netatalk.yml	valid-memsafety	false(valid-deref)					unknown	27.9482519	32.21982192999985	84.410368					ERROR (137)	20.1924837	24.84385106799982	1367.969792					ERROR	3.1826217	3.329996380999546	128.434176					ERROR	3.8713419	4.014952673000153	147.820544					TIMEOUT	120.8289427	124.82103314900041	355.950592					unknown	100.7475155	104.47825643999977	69.947392					TIMEOUT (verification)	120.7206801	131.48596087700002	674.099200					unknown	81.0937699	89.1107911680001	367.964160					unknown	94.8673508	105.12945668599968	399.810560					unknown	76.7429183	84.76276769800006	361.291776
netatalkFixed.yml	valid-memsafety	true(valid-deref)					unknown	31.1025169	35.59513510099987	136.929280					ERROR (137)	21.4808458	25.188011319999532	1572.827136					ERROR	3.1593629	3.3052021909998075	130.326528					ERROR	4.2215846	4.446064314999603	143.269888					TIMEOUT	120.8447613	126.91917039200052	378.966016					unknown	94.1033163	97.48940458600009	70.090752					TIMEOUT (verification)	120.465922	132.01614324799993	724.574208					TIMEOUT	120.7117005	130.3177294269999	679.784448					TIMEOUT	120.8171365	132.0190878430003	476.102656					TIMEOUT	120.2516935	133.63490740199995	389.554176
netconsd.yml	valid-memsafety	false(valid-deref)					false(valid-deref)	20.4072636	23.949384997999914	74.117120					ERROR (137)	5.3742089	6.956571910999628	1625.083904					ERROR	3.1555961	3.266542551999919	129.421312					ERROR	4.2180954	4.417852708000282	149.057536					TIMEOUT	120.8949758	124.98803094300047	397.156352					unknown	1.7218745	1.7897191239999302	37.900288					TIMEOUT (verification)	120.6436715	132.69212731400012	370.417664					ERROR (7)	12.2674133	12.916460981	197.550080					ERROR (7)	11.8840194	12.555254144999708	197.984256					ERROR (7)	11.3564235	12.086548175999269	196.587520
openNDS_1.yml	valid-memsafety	false(valid-deref)					unknown	35.1350625	38.72614200599946	876.752896					ERROR (137)	66.2624296	74.79252259900022	1258.213376					ERROR	3.2968716	3.4236516399996617	128.380928					ERROR	4.0284366	4.255744766999669	145.752064					TIMEOUT	120.8762859	125.58579470399991	236.863488					TIMEOUT	120.8818044	124.910918563	93.179904					ERROR(returned 1, verification-finished)	84.1864022	94.92097116500008	1923.645440					TIMEOUT	120.7968375	127.954465282	387.735552					TIMEOUT	120.9353093	129.71689209000033	412.430336					TIMEOUT	120.2213359	130.01500327899976	387.125248
openNDS_1Fixed.yml	valid-memsafety	true(valid-deref)					unknown	31.9171935	35.32635308399949	804.880384					ERROR (137)	60.1980487	70.56024415899992	1194.233856					ERROR	3.1565659	3.2899177310000596	130.154496					ERROR	4.1859309	4.3623112389996095	143.360000					TIMEOUT	120.8623198	126.0671698289998	233.832448					TIMEOUT	120.8008578	125.11351529400008	116.101120					TIMEOUT (verification)	120.8776017	133.07086033399992	3101.327360					TIMEOUT	120.0645695	127.22879751100027	434.487296					TIMEOUT	120.8078405	126.6673218650003	400.637952					TIMEOUT	120.6746913	127.89237100799983	1438.629888
openSC.yml	valid-memsafety	false(valid-deref)					unknown	31.8589093	35.120203817999936	87.453696					ERROR (137)	6.0755821	7.772680050999952	1640.505344					ERROR	3.4342262	3.579687520000334	129.544192					ERROR	4.2571848	4.42110973600029	147.030016					TIMEOUT	120.903593	124.83712222599979	398.368768					TIMEOUT	120.9068397	124.69389674600006	217.980928					TIMEOUT (verification)	120.3874225	133.67213679199995	682.196992					TIMEOUT	120.6539178	128.413158285	639.549440					TIMEOUT	120.8391042	132.0231566450002	650.702848					TIMEOUT	121.0104043	128.65619934700044	646.094848
openSCFixed.yml	valid-memsafety	true(valid-deref)					unknown	31.8770853	35.15794864399959	86.192128					ERROR (137)	6.6880611	9.701201864999348	1361.154048					ERROR	3.5965821	3.746063647000483	128.569344					ERROR	3.9747469	4.130821441999615	146.808832					TIMEOUT	120.8116376	125.15887342500037	399.286272					TIMEOUT	120.9052265	124.70502309599988	250.372096					TIMEOUT (verification)	120.7225962	131.37047085100016	740.839424					TIMEOUT	120.6455219	127.87115140500009	679.886848					TIMEOUT	120.8397857	127.648988164	542.785536					TIMEOUT	120.3994838	130.79762177199973	538.206208
openrazer.yml	valid-memsafety	false(valid-deref)					unknown	40.2053547	44.38846011900023	101.793792					ERROR (137)	62.5822525	70.21237422400009	1501.814784					ERROR	3.025523	3.1696455379997133	128.643072					ERROR	4.1549905	4.320611742999972	148.504576					TIMEOUT	120.8122154	126.89533803299946	332.779520					TIMEOUT	120.8804402	124.90770255100006	198.586368					TIMEOUT (verification)	120.745886	129.59712476000004	226.373632					TIMEOUT	120.0796576	131.56806484900017	535.359488					TIMEOUT	120.5675724	126.94874504499967	528.109568					TIMEOUT	120.8885682	126.61186950200045	483.536896
openrazerFixed.yml	valid-memsafety	true(valid-deref)					unknown	39.5218693	44.44904805399983	142.684160					ERROR (137)	45.1792323	50.41794343999936	1196.785664					ERROR	3.4290448	3.5641079400002127	129.077248					ERROR	4.2433757	4.409748215999571	148.819968					TIMEOUT	120.8845048	125.57757349299982	332.402688					TIMEOUT	120.9064782	124.6744672929999	198.840320					TIMEOUT (verification)	120.6044947	131.11200341899985	270.151680					TIMEOUT	120.502566	128.53694734700002	555.626496					TIMEOUT	120.8581767	128.79540211399944	542.416896					TIMEOUT	120.7667741	129.49523099899943	474.853376
pacparser.yml	valid-memsafety	false(valid-deref)					unknown	27.1224137	30.024641373000122	83.468288					false(unreach-call)	2.0071402	2.3263040570000157	214.261760					ERROR	3.0544975	3.1803797539996594	130.736128					ERROR	4.0859136	4.246895137999672	142.118912					TIMEOUT	120.7161912	127.33747532699954	269.361152					unknown	0.1580909	0.2866167309998673	32.337920					TIMEOUT (verification)	120.8512012	127.7565720749999	1039.118336					unknown	84.4511512	96.04082326900016	463.597568					unknown	85.0536508	95.50211879800008	475.074560					unknown	80.8063846	91.30744616599986	445.620224
pacparserFixed.yml	valid-memsafety	true(valid-deref)					unknown	49.4997363	55.088076688	130.977792					ERROR (137)	4.6175471	5.169858867000585	1359.536128					ERROR	3.6083965	3.7555385649993696	128.036864					ERROR	3.9939304	4.170386574999611	142.180352					TIMEOUT	120.8529225	126.1709824100003	300.113920					unknown	0.1544903	0.2810852870002236	31.236096					TIMEOUT (verification)	120.8132338	126.15130375700028	1015.611392					unknown	85.6826136	94.71441236300006	441.708544					unknown	79.1682225	91.0423248369998	433.467392					unknown	80.8879797	91.78360106800028	449.609728
picotcp.yml	valid-memsafety	false					unknown	49.1088412	54.24596793799992	72.298496					false(valid-deref)	0.2767635	1.3619568889998845	45.920256					false(valid-free)	10.7199557	11.457913732000634	157.736960					false(valid-free)	9.2840591	9.602061882000271	160.030720					false(valid-deref)	0.2671454	0.29319142400026976	52.940800					unknown	0.1788408	0.2913056580000557	34.308096					ERROR(returned 1, verification-finished)	1.71678	3.014864118999867	248.373248					unknown	16.9800176	19.494530943999962	264.728576					unknown	16.3948783	18.22666743099944	266.452992					unknown	18.2218785	20.25609084699954	261.398528
picotcpFixed.yml	valid-memsafety	true(valid-free)					unknown	49.1331771	54.22144154000034	85.565440					TIMEOUT	120.6968689	132.91024250099963	771.432448					false(valid-free)	9.1502916	9.51007201899938	152.293376					false(valid-free)	9.6795805	10.008323394999934	162.324480					TIMEOUT	120.8879315	125.11913421600002	261.337088					unknown	0.1308084	0.2828980680001223	34.508800					ERROR(returned 1, verification-finished)	1.5938626	3.3718399899998985	110.231552					unknown	16.3689815	20.4584476619998	267.988992					unknown	16.7687857	18.597309818999747	253.829120					unknown	17.5602205	19.56450736699935	278.740992
pjproject.yml	valid-memsafety	false(valid-deref)					unknown	48.7251966	54.229830428999776	80.711680					TIMEOUT	120.6619977	135.2918304040004	1139.965952					ERROR	3.5595847	3.7057545449997633	134.533120					ERROR	4.4527914	4.614869860999534	148.738048					TIMEOUT	120.8761216	126.09085340999991	2494.160896					TIMEOUT	120.9039193	125.01788604000012	341.442560					TIMEOUT (verification)	120.7145896	126.20625343399979	950.263808					true	25.2611178	27.63692340500029	332.185600					true	25.0049682	26.338153345000137	329.986048					true	26.0579895	27.446948351000174	332.951552
plutovg.yml	valid-memsafety	false(valid-deref)					false(valid-deref)	2.3636194	2.6981933799997933	57.384960					false(valid-deref)	0.1870725	0.41077608199975657	18.964480					ERROR	3.2587398	3.378000155999871	126.218240					ERROR	3.9261893	4.087972942999841	145.756160					false(valid-deref)	1.8247761	2.0541757350001717	53.612544					unknown	0.1407024	0.28382385499980956	31.096832					false(valid-deref)	2.0395754	2.668121854999754	112.943104					false(valid-deref)	11.0934702	12.398630869000044	268.333056					false(valid-deref)	10.1135194	10.61754504000055	272.744448					false(valid-deref)	10.9184166	11.799387426000067	271.097856
ppp.yml	valid-memsafety	false(valid-deref)					unknown	48.2257054	53.135482325999874	580.399104					ERROR (137)	55.5900451	66.88766149900039	1807.671296					ERROR	3.2827425	3.401807655000084	131.100672					ERROR	4.2638697	4.43227943599959	145.154048					TIMEOUT	120.9026918	126.129650846	984.616960					TIMEOUT	120.8808728	125.62049912400016	153.174016					TIMEOUT (verification)	120.8332153	126.37516507700002	2586.935296					TIMEOUT	120.4631016	130.04432381699962	509.456384					TIMEOUT	120.331355	128.82738639499985	433.889280					TIMEOUT	120.8498146	126.92813243399996	502.886400
radare2.yml	valid-memsafety	false					false(valid-free)	7.0936702	7.895295188000091	48.930816					false(valid-deref)	0.8490226	1.1452595979999387	45.424640					ERROR	3.3742804	3.5126588339999216	134.094848					false(valid-memtrack)	4.9583979	5.149711074999686	146.661376					false(valid-deref)	1.779737	1.8606578479993914	79.716352					unknown	0.159191	0.28359292400000413	35.151872					ERROR(returned 1, verification-finished)	1.2319195	2.5360987840003872	211.337216					TIMEOUT	120.061896	135.96341107499984	417.988608					TIMEOUT	120.2203458	135.03274741199948	414.081024					TIMEOUT	120.7131477	131.79412690999925	440.799232
radare2Fixed.yml	valid-memsafety	true					false(valid-free)	6.9204683	7.693107981999674	49.262592					true	1.086084	1.2136648100004095	21.204992					ERROR	4.1131084	4.275289850000263	134.647808					false(valid-memtrack)	4.533388	4.712740369999665	156.774400					true	3.3378489	3.669491633999314	84.549632					unknown	0.2418966	0.2891551569996409	41.828352					ERROR(returned 1, verification-finished)	1.1512399	2.0394730699999855	119.361536					TIMEOUT	120.425388	133.94907833499974	370.135040					TIMEOUT	121.0086757	137.98715308200008	439.930880					TIMEOUT	120.0696953	133.7222146490003	442.376192
radare2_1.yml	valid-memsafety	false(valid-deref)					false(valid-deref)	0.8469157	1.0132694469994021	55.173120					false(valid-deref)	0.1805175	0.21778272299980017	10.022912					ERROR	3.2647041	3.3971208769999066	128.184320					ERROR	4.0380977	4.20031258400013	141.762560					false(valid-deref)	0.477039	0.8313082519998716	47.542272					unknown	0.1646664	0.2842056640001829	36.917248					false(valid-deref)	1.1899388	1.959312213999965	79.765504					unknown	26.1621851	32.522886237999955	273.768448					unknown	26.857675	30.32383867200042	274.067456					unknown	28.5212617	33.76501642600033	281.755648
radare2_1Fixed.yml	valid-memsafety	true(valid-deref)					unknown	34.620291	38.1938510559994	73.355264					ERROR (137)	61.9796008	77.32131834000029	3973.431296					ERROR	3.2271282	3.3589592999996967	129.019904					ERROR	4.36416	4.528637553000408	143.372288					TIMEOUT	120.8895668	125.42824661499981	333.381632					unknown	0.1673315	0.2843001070000355	36.671488					TIMEOUT (verification)	120.4560744	130.38753279000002	365.580288					unknown	28.2030265	32.96248662700009	271.646720					unknown	26.5942156	31.16530040700036	277.708800					unknown	28.1855658	33.54151016600008	271.192064
radare2_2.yml	valid-memsafety	false(valid-deref)					unknown	41.4216349	45.62521068600017	139.833344					ERROR (137)	44.7296576	53.222777738999866	1433.559040					ERROR	3.3983049	3.5461484839997865	129.572864					ERROR	4.5710101	4.7439611709996825	147.824640					TIMEOUT	120.9070622	124.74810047400024	297.132032					TIMEOUT	120.9042405	124.93369282999993	252.571648					TIMEOUT (verification)	120.5127771	127.82796550300009	218.329088					TIMEOUT	120.2704125	129.77524290599968	500.121600					TIMEOUT	120.2434077	130.32322106799984	517.857280					TIMEOUT	120.5349206	127.30959332300063	504.774656
radare2_2Fixed.yml	valid-memsafety	true(valid-deref)					unknown	41.1200519	45.3218733979993	140.853248					ERROR (137)	41.8643103	50.20850076700026	1602.998272					ERROR	3.1476921	3.305044998000085	128.409600					ERROR	4.248457	4.41297093599951	142.487552					TIMEOUT	120.9052203	124.93060922800032	322.916352					TIMEOUT	120.9082147	124.70525989600037	252.497920					TIMEOUT (verification)	120.8500426	126.37623753900016	222.138368					TIMEOUT	120.4703876	128.9188901319999	494.780416					TIMEOUT	120.4540588	130.14583926200066	504.971264					TIMEOUT	120.6537932	127.64534837799965	537.620480
rizin.yml	valid-memsafety	false(valid-deref)					unknown	36.1344318	39.98674048999965	155.045888					ERROR (137)	5.980221	7.428966660999322	1412.587520					ERROR	3.2390608	3.3712896799997907	128.028672					ERROR	4.2419241	4.436227715999848	142.737408					false(valid-deref)	2.9899673	3.1184658120000677	78.876672					unknown	0.1593022	0.2831049820001681	34.824192					TIMEOUT (verification)	120.8119474	128.08953247399995	239.075328					false(valid-deref)	12.23285	13.717475024999658	271.302656					false(valid-deref)	12.72631	13.875184473000445	267.493376					false(valid-deref)	11.6917685	13.628389046999473	279.040000
smartdns.yml	valid-memsafety	false(valid-deref)					unknown	33.6508091	37.31881519000035	91.336704					ERROR (137)	41.5063946	49.48357876799946	3769.544704					ERROR	4.6648437	4.870101273999353	140.906496					ERROR	5.5992479	5.811364063999463	149.135360					OUT OF MEMORY	47.8766782	49.823983794000014	3999.997952					TIMEOUT	120.9211211	124.7443139740003	412.119040					TIMEOUT (verification)	120.7893187	129.37588684799994	1056.497664					TIMEOUT	120.6820086	132.53874218500005	490.774528					TIMEOUT	120.1960378	132.96134092900047	457.854976					TIMEOUT	120.2558113	129.13157812400004	442.155008
sniproxy.yml	valid-memsafety	false(valid-deref)					unknown	40.8916462	45.31833223400008	88.268800					ERROR (137)	10.1504787	13.690311235999616	1351.782400					ERROR	3.0968602	3.221133464000559	127.619072					ERROR	4.3258196	4.491359153999838	147.451904					TIMEOUT	120.9036162	124.76553266700012	261.111808					unknown	0.1493154	0.2868731849998767	33.136640					TIMEOUT (verification)	120.8248676	126.84161136700004	354.504704					unknown	29.9412492	36.16489349199992	283.090944					unknown	29.3449874	33.70517671000016	286.216192					unknown	29.2204386	34.53634891999991	278.614016
sniproxyFixed.yml	valid-memsafety	true(valid-deref)					unknown	32.2987807	35.81162686100015	73.928704					ERROR (137)	12.51602	16.747872809	1970.905088					ERROR	3.3172622	3.4415150300001187	127.221760					ERROR	3.993727	4.152559815999666	149.839872					TIMEOUT	120.9050732	124.7442707500004	264.400896					unknown	0.1461895	0.2866690760001802	35.061760					TIMEOUT (verification)	120.889537	125.11881222800002	367.263744					true	15.4835901	17.73099847200001	280.932352					true	16.0698896	18.10975065399998	283.168768					true	16.4682926	18.55443665200073	277.946368
sofia-sip.yml	valid-memsafety	false(valid-deref)					false(valid-deref)	0.6343869	0.8000069479994636	54.657024					false(valid-deref)	0.1258307	0.15895576700040692	10.039296					ERROR	3.3181935	3.447641907000616	129.949696					ERROR	4.2114812	4.372023461000026	144.150528					false(valid-deref)	0.3282447	0.3589029049999226	55.611392					unknown	0.1567918	0.3134254320002583	33.038336					false(valid-deref)	0.9978943	1.2990853000001152	138.018816					false(valid-deref)	11.9369731	13.202410918999703	272.658432					false(valid-deref)	12.1089966	13.601358072999574	280.641536					false(valid-deref)	11.7579434	12.881033792999915	267.018240
sofia-sipFixed.yml	valid-memsafety	true(valid-deref)					unknown	29.383225	32.61266230699948	64.331776					ERROR (137)	13.6854559	18.155259914999988	1951.645696					ERROR	3.3492315	3.5046937010001784	129.204224					ERROR	4.1359922	4.288879934000761	142.106624					TIMEOUT	120.8999343	124.75509725899974	195.264512					unknown	0.1308018	0.27690275799977826	36.126720					TIMEOUT (verification)	120.8673659	125.7282417360002	255.590400					unknown	27.2559084	34.792209386000195	276.627456					unknown	25.2440662	29.62259423100022	278.224896					unknown	26.4276911	30.14897509000002	271.568896
sofia-sip_1.yml	valid-memsafety	false(valid-deref)					false(valid-deref)	0.8988291	1.0793213299994022	55.164928					false(valid-deref)	0.6960881	1.4891956120000032	36.990976					ERROR	3.1544244	3.289012989999719	127.750144					ERROR	4.2841615	4.479542476999995	142.458880					false(valid-deref)	0.46584	0.496224421000079	57.856000					unknown	43.8761598	45.3665850299999	184.647680					false(valid-deref)	1.2721364	1.3552959399999054	51.875840					false(valid-deref)	16.6924236	18.48154086500017	282.288128					false(valid-deref)	15.8101771	17.259757044000253	292.499456					false(valid-deref)	14.7779528	15.79867709500013	276.054016
sofia-sip_2.yml	valid-memsafety	false(valid-deref)					false(valid-deref)	1.3927802	1.5969541049998952	57.131008					false(valid-deref)	1.0167447	2.5951869970003827	20.123648					ERROR	3.2814785	3.450477506000425	128.397312					ERROR	4.068225	4.250435225999354	143.060992					false(valid-deref)	1.2066934	1.3876605449995623	55.607296					TIMEOUT	120.9174691	124.81163586299999	246.312960					false(valid-deref)	1.3126768	1.399999951999689	51.994624					false(valid-deref)	64.2503379	71.20783381899992	461.524992					false(valid-deref)	62.8649033	68.31161320000047	477.188096					false(valid-deref)	64.3637243	67.37030587400022	486.785024
stb.yml	valid-memsafety	false(valid-deref)					false(valid-deref)	2.7191243	3.0743424940001205	59.236352					TIMEOUT	120.7272607	132.8159216389995	3244.232704					ERROR	3.3603833	3.513380497000071	128.700416					ERROR	4.2795926	4.468498774999716	148.312064					TIMEOUT	120.9021878	124.76758056699964	538.365952					TIMEOUT	120.919988	124.7024935999998	254.939136					false(valid-deref)	4.6415926	4.846813349000058	70.201344					TIMEOUT	120.7541293	130.22328572000015	871.182336					TIMEOUT	120.8169981	128.1648429019997	516.825088					TIMEOUT	120.7482863	125.33120715800032	628.834304
stb_1.yml	valid-memsafety	false(valid-free)					false(valid-free)	8.1610018	9.082505487999697	57.782272					ERROR (137)	43.7959106	50.1689149140002	3879.043072					ERROR	4.6746934	5.207063986000321	134.762496					ERROR	5.339786	5.53062252699965	156.327936					TIMEOUT	120.9003444	124.86768854000002	425.885696					unknown	0.1853083	0.2856845050000629	38.383616					ERROR(returned 1, verification-finished)	1.8976191	3.0349102539998967	121.061376					unknown	30.1476477	37.67293693900001	294.658048					unknown	28.8839578	34.20868234699992	299.769856					unknown	30.2400007	33.552132431000246	296.226816
tinydir.yml	valid-memsafety	false(valid-deref)					false(valid-deref)	6.2899926	7.002153577999707	54.947840					false(valid-deref)	1.2310566	1.9802819340002316	97.062912					ERROR	3.3192555	3.4904905550001786	125.915136					ERROR	3.9870236	4.169166747999952	150.351872					false(valid-deref)	0.6671596	0.7079734910003026	47.775744					unknown	0.1621518	0.28566613700013477	31.371264					TIMEOUT (verification)	120.792265	128.87361714600002	703.414272					unknown	61.263145	70.32827049700018	358.809600					unknown	62.1757819	72.09108269399985	345.632768					unknown	65.9946565	73.15224598699933	385.019904
tinytiff.yml	valid-memsafety	false(valid-deref)					unknown	0.7726558	0.9206688849999409	60.141568					false(valid-deref)	3.5773285	5.265559888000098	134.156288					false(valid-free)	3.1629742	3.2782464609999806	131.272704					false(valid-free)	4.2032604	4.360853852999753	148.017152					false(valid-memtrack)	30.6893887	31.92182894400048	836.444160					unknown	0.1378376	0.28593736199991326	36.020224					ERROR(unknown, verification-finished)	0.5203882	0.5672791729998607	37.060608					TIMEOUT	120.8999562	125.41347104399983	601.542656					TIMEOUT	120.8418504	128.0720574399993	598.888448					true	57.5502346	59.69903126999998	383.373312
wasm-micro-runtime.yml	valid-memsafety	false(valid-deref)					false(valid-deref)	0.5587923	0.7021945189999315	54.370304					false(valid-deref)	0.1442964	0.17730224600018119	9.166848					ERROR	3.3728098	3.5831497640001544	129.847296					ERROR	4.146116	4.292301925999709	143.929344					false(valid-deref)	0.3150471	0.36762828399969294	52.076544					false(valid-deref)	0.5050542	0.5348771049998504	33.935360					false(valid-deref)	0.5873357	0.6419768430000659	53.071872					false(valid-deref)	10.7982455	11.958718714000042	263.675904					false(valid-deref)	11.0056212	11.974184975999378	267.751424					false(valid-deref)	11.2187837	11.834353259999261	272.105472
wasm-micro-runtimeFixed.yml	valid-memsafety	true(valid-deref)					unknown	35.9137444	40.56427425700076	91.160576					TIMEOUT	120.7846379	129.2376576509996	2444.759040					ERROR	3.1343683	3.2871828090001145	129.957888					ERROR	4.3999702	4.569759965999765	145.887232					TIMEOUT	120.9058976	124.73472800899981	293.863424					unknown	61.8822181	64.40078972399988	87.433216					TIMEOUT (verification)	120.9339555	126.11652002400024	1712.943104					true	13.3491771	14.656075337999937	275.869696					true	13.5232229	15.77174544799982	286.568448					true	14.0079123	14.969747685000584	275.689472
zchunk.yml	valid-memsafety	false(valid-deref)					false(valid-deref)	1.4756628	1.681327314000555	55.398400					false(valid-deref)	1.4278217	2.1507292639998923	103.784448					ERROR	3.2115386	3.3479975399995965	128.421888					ERROR	4.3160897	4.495000246000018	144.453632					false(valid-deref)	2.6535605	2.78325156199935	108.617728					TIMEOUT	120.8781623	125.64919022000004	252.407808					false(valid-deref)	1.8925587	2.017706163999719	53.202944					TIMEOUT	120.8467491	126.98743674800016	481.112064					TIMEOUT	120.7970892	128.8115832450003	500.699136					TIMEOUT	120.888491	125.84174202900067	419.033088
zchunkFixed.yml	valid-memsafety	true(valid-deref)					unknown	33.5176665	36.95345757299947	141.004800					ERROR (137)	21.1042535	23.894438175999312	2026.311680					ERROR	3.4147688	3.5660875349994967	128.659456					ERROR	4.0772507	4.240998577999562	152.731648					TIMEOUT	120.8807585	125.34846900100001	327.376896					TIMEOUT	120.9070109	124.71822718900012	271.839232					TIMEOUT (verification)	120.8041399	128.36885847299982	416.579584					TIMEOUT	120.9015748	127.42271368399997	407.244800					TIMEOUT	120.7771984	129.63706751300015	434.507776					TIMEOUT	120.8810666	126.04519004799931	411.295744
zephyr.yml	valid-memsafety	false(valid-deref)					unknown	33.1770522	36.546838827999636	117.731328					TIMEOUT	120.8887731	127.0963204310001	1267.113984					ERROR	2.9501729	3.069365800999549	131.346432					ERROR	4.0493015	4.228636171000289	146.198528					TIMEOUT	120.8914084	125.40170593499988	302.411776					unknown	0.1250831	0.2797434379999686	36.728832					TIMEOUT (verification)	120.8019734	126.90544561600018	625.016832					TIMEOUT	120.8867494	126.04299535100017	432.918528					TIMEOUT	120.8014481	129.42514813399976	432.627712					TIMEOUT	120.995554	125.68540615399979	413.282304
zstd.yml	valid-memsafety	false(valid-deref)					false(valid-deref)	0.8509393	0.9861253479994048	55.844864					false(valid-deref)	0.1783439	0.35267795199979446	16.162816					ERROR	3.1148567	3.2553264629996193	131.538944					ERROR	3.985463	4.205413100000442	143.462400					false(valid-deref)	0.4922556	0.5300874120002845	58.028032					false(valid-deref)	0.2653391	0.29150768299996344	40.624128					false(valid-deref)	1.7163221	2.0594707380000727	157.282304					unknown	74.7415781	81.64926402099991	339.345408					unknown	75.5149646	84.86111009999968	358.678528					unknown	73.2452784	78.73414450499968	337.154048
zstdFixed.yml	valid-memsafety	true(valid-deref)					unknown	31.8570992	35.08816539599957	198.184960					ERROR (137)	33.0336653	36.55434645499918	3605.991424					ERROR	3.003491	3.2061362080003164	130.031616					ERROR	4.0301137	4.219750510000267	145.313792					TIMEOUT	120.9002863	124.72144738299994	220.061696					TIMEOUT	120.906442	124.7932776079997	111.177728					TIMEOUT (verification)	120.9270407	124.91086780299975	1611.165696					unknown	71.6370323	77.57715269800019	324.763648					unknown	69.1400881	76.15417292000075	349.409280					unknown	71.5984735	77.00414960600028	331.239424
gpac.yml	no-overflow	false	false(no-overflow)	0.8935844	1.0258477110000968	56.340480					false(no-overflow)	0.1033595	0.20437030599987338	8.810496					unknown	1.56403	1.6415976340003908	102.535168					false(no-overflow)	3.2983848	3.437012125000365	155.049984					false(no-overflow)	0.2909988	0.4538885449992449	56.127488					unknown	0.1324163	0.27441899400037073	34.217984					false(no-overflow)	1.0958862	1.4273905769996418	68.423680					false(no-overflow)	11.7930162	13.318092089999936	250.634240					false(no-overflow)	11.1336672	12.613893927999925	258.387968					false(no-overflow)	10.9492252	12.379942845000187	261.804032				
gpac_15.yml	no-overflow	false	false(no-overflow)	1.2851367	1.44817213099941	56.233984					false(no-overflow)	0.1157861	0.19938853199982987	8.724480					unknown	1.5397402	1.6143738190003205	108.408832					false(no-overflow)	3.437824	3.567398004000097	161.841152					false(no-overflow)	0.2564254	0.4067667409999558	54.206464					true	0.1352152	0.2775753949999853	26.292224					false(no-overflow)	1.6133905	1.9556729930000074	73.355264					false(no-overflow)	5.0603876	5.607209383999816	239.460352					false(no-overflow)	5.3845045	5.786167147000015	230.625280					false(no-overflow)	5.2760814	5.9493795950002095	234.971136				
kilo.yml	no-overflow	false	false(no-overflow)	1.292114	1.4901282849996278	56.184832					false(no-overflow)	0.1396199	0.22300389700012602	11.722752					unknown	1.6243647	1.6983089900004416	108.404736					true	4.4073984	4.56164864099992	190.844928					false(no-overflow)	0.2291991	0.38579421500071476	53.919744					unknown	0.0982967	0.2745902369997566	27.537408					false(no-overflow)	1.5330628	1.8721451360001993	66.478080					unknown	10.8865448	12.100415147000149	258.846720					unknown	10.722941	11.740468816999964	258.248704					unknown	10.5705152	11.762503324000136	259.592192				
libsndfile.yml	no-overflow	false	unknown	41.9548397	43.373645138999564	177.766400					false(no-overflow)	0.2645826	0.3410468789998049	15.462400					unknown	1.5483352	1.6031364110003778	98.189312					false(no-overflow)	15.4290035	15.92708774699986	227.246080					false(no-overflow)	0.3472584	0.4935362019996319	55.533568					true	0.2642386	0.27707613800021136	30.289920					false(no-overflow)	7.3836776	7.901106192000043	87.482368					false(no-overflow)	12.7343586	14.660473176000323	345.370624					false(no-overflow)	12.4579056	14.289375332999953	344.195072					false(no-overflow)	12.2204816	13.982487586999923	320.352256				
mujs.yml	no-overflow	false	false(no-overflow)	11.136758	11.605510843999582	74.473472					false(no-overflow)	17.2021037	17.793140144999597	3454.746624					unknown	1.5712904	1.6406420610001078	102.371328					TIMEOUT	854.7553844	938.5424848739995	357.699584					false(no-overflow)	31.5912796	32.736437298000055	94.486528					TIMEOUT	120.911347	124.69199347599988	156.225536					false(no-overflow)	8.0115072	8.549907080999674	83.632128					TIMEOUT	120.8784344	126.44490426099992	712.683520					TIMEOUT	120.8801064	126.39824763900015	720.498688					TIMEOUT	120.515843	126.84381346300052	729.722880				
plutovg.yml	no-overflow	false	false(no-overflow)	40.0548452	41.453632806000314	95.068160					false(no-overflow)	0.1252417	0.17078360800041992	18.374656					unknown	1.6069328	1.6789188640004795	103.452672					false(no-overflow)	3.2330599	3.3576334910003425	157.863936					false(no-overflow)	0.3276859	0.4628719629999978	56.156160					unknown	0.0997001	0.27444202600008794	35.217408					false(no-overflow)	30.7583882	32.00873862200024	117.284864					false(no-overflow)	5.6729042	6.176498123999863	253.677568					false(no-overflow)	5.4385994	6.215608331999647	254.541824					false(no-overflow)	5.3408496	6.078940542000055	262.127616				
